Community,Live,Action,Impact,Cost,Category,Carbon Calculator Action
Agawam,Yes,Action Adventure Starts Here!,High,0,Activism & Education,learn
Agawam,Yes,Be Water Wise! Age 4+,Low,0,Land & Water,conserve_water
Agawam,Yes,Being Comfy at Home ,Medium,$,Home Energy,weatherization
Agawam,Yes,Clean Up Agawam,Low,0,Waste & Recycling,community_cleanup
Agawam,No,Donate Building Materials,Low,0,Waste & Recycling,swap_donate
Agawam,Yes,Earth-Friendly Gardening Age 6+,Low,$,Land & Water,grow_local
Agawam,Yes,Eat for the Earth - Age 8+,High,0,Food,low_carbon_diet
Agawam,Yes,Energize Your Roof,High,$$$,Electricity & Solar,install_solarPV
Agawam,Yes,EVs: Drive and Save,High,$$$,Transportation,replace_car
Agawam,Yes,Get Paid for Solar,Medium,0,Electricity & Solar,community_solar
Agawam,Yes,Home Composting Age 6+,Low,0,Food,compost
Agawam,Yes,Less Plastic Is Good! Age 6+,Low,0,Activism & Education,reduce_waste
Agawam,Yes,"Litter Free Agawam, Age 4+",Low,0,Waste & Recycling,community_cleanup
Agawam,Yes,Pick Up the Poop Pledge  Age 6+,Low,0,Waste & Recycling,community_cleanup
Agawam,Yes,Save on Appliances,High,$$,Home Energy,energystar_fridge
Agawam,Yes,Saving Energy Age 6+,Low,0,Home Energy,conserve_electricity
Agawam,Yes,Say Good Bye to Junk Mail,Medium,0,Waste & Recycling,reduce_waste
Agawam,Yes,Smart Thermostats,Medium,$,Home Energy,prog_thermostats
Agawam,Yes,Solar Oven Age 6+,Low,0,Electricity & Solar,solar_oven
Agawam,Yes,What's Your Carbon Footprint? Age 14+,Low,0,Activism & Education,carbon_footprint
AimeeTest1x2,Yes,Heat Pumps are Hard,High,$$$,Home Energy,air_source_hp
AimeeTest1x2,Yes,Roombas Save kWh not therms,Low,$,Home Energy,conserve_electricity
Bedford,No,Mini-Split Heat Pumps Are For You,High,$$$,Home Energy,air_source_hp
Boxborough,No,Buy Food from a Local Farm,Medium,$,Food,eat_locally
Boxborough,No,Calculate your Carbon Footprint,Low,0,Activism & Education,carbon_footprint
Boxborough,No,Climate Action Crew,Medium,0,Home Energy,activism
Boxborough,No,Compost Food Waste with Black Earth,Low,0,Waste & Recycling,compost
Boxborough,No,Eat More Plant-Based Meals,Medium,0,Food,low_carbon_diet
Boxborough,No,FreeBee Market,Low,$$,Land & Water,swap_donate
Boxborough,No,Green Heating & Cooling ,High,$$$,Home Energy,air_source_hp
Boxborough,Yes,Install a Heat Pump Water Heater,Medium,$$$,Home Energy,hp_water_heater
Boxborough,Yes,Join 2040 Handbook Book Club,Low,0,Activism & Education,learn
Boxborough,No,Recycle Your Clothing!,Low,0,Waste & Recycling,reduce_waste
Boxborough,No,Repurpose Used Goods,Medium,0,Waste & Recycling,swap_donate
Bushwick,Yes,Bushwick 9,Medium,$,Transportation,people_power
Bushwick,Yes,Testy Waters,,,Home Energy,low_carbon_diet
Cooler Communities,Yes,3 Ways to Choose Solar Power,High,,Electricity & Solar,solar_assessment
Cooler Communities,No,Air Dry Your Clothes ,Low,$,Home Energy,line_dry
Cooler Communities,No,An Environment for All People,High,0,Activism & Education,environmental_stewardship
Cooler Communities,Yes,Backyard Compost or Service,Low,0,Waste & Recycling,compost
Cooler Communities,Yes,Buy or Lease an Electric Car,High,$$,Transportation,replace_car
Cooler Communities,No,Catch the Sun on your roof,High,$$$,Electricity & Solar,install_solarPV
Cooler Communities,No,Compost at Home - All Ages,Low,0,Waste & Recycling,compost
Cooler Communities,Yes,Drive Electric -Buy or Lease ,High,$$$,Transportation,replace_car
Cooler Communities,No,Drive less / Walk more Berkshires,High,0,Transportation,people_power
Cooler Communities,Yes,Earth-Friendly Meals - Age 8+,High,0,Food,low_carbon_diet
Cooler Communities,Yes,Energize Your Roof,High,$$$,Electricity & Solar,install_solarPV
Cooler Communities,No,Finding Edible Plants - All Ages,Low,0,Activism & Education,eat_locally
Cooler Communities,Yes,Free Home Energy Assessment,Low,0,Home Energy,energy_audit
Cooler Communities,No,Gardening for Life Age 6+,Low,$,Land & Water,grow_local
Cooler Communities,Yes,Heat Pumps,Medium,$,Home Energy,air_source_hp
Cooler Communities,No,Keeping your Home Cozy or Cool,Medium,$,Home Energy,weatherization
Cooler Communities,No,Reduce Waste with Eco-Building Bargains,Low,0,Waste & Recycling,reduce_waste
Cooler Communities,No,Shave the Peak - Age 10+,Medium,0,Home Energy,shave_peak
Cooler Communities,Yes,Start Here: Joining the Challenge,Low,0,Activism & Education,get_involved
Cooler Communities,No,Stay Warm - Keep Cool = Heat Pumps,High,$$,Home Energy,air_source_hp
Cooler Communities,Yes,Sun for Everyone -- Community Solar,High,$$,Electricity & Solar,community_solar
Cooler Communities,No,Sun Power,High,$$$,Electricity & Solar,install_solarPV
Cooler Communities,No,Support Access to Local Food,Low,$,Food,eat_locally
Cooler Communities,No,Walk for a Viable Future,Low,0,Activism & Education,people_power
Cooler Communities,No,Wireless Programmable Thermostats,Medium,$,Home Energy,prog_thermostats
Cooler Communities,No,Your Voice for the Climate Age 12+,High,0,Activism & Education,activism
Cooler Concord,No,Attend a Climate Festival,Low,0,Activism & Education,energy_fair
Cooler Concord,No,Attend an Earth Day Climate Festival,Low,0,Activism & Education,energy_fair
Cooler Concord,Yes,Be Water Wise! Age 4+,Medium,0,Land & Water,conserve_water
Cooler Concord,Yes,Bike-to-school Concord,Medium,$,Transportation,people_power
Cooler Concord,Yes,Buy/Lease an EV or Plug-in Hybrid,High,$$$,Transportation,replace_car
Cooler Concord,Yes,Calculate your Carbon Footprint!,Low,0,Activism & Education,carbon_footprint
Cooler Concord,Yes,Calculate your Carbon Footprint!,Low,0,Activism & Education,energy_fair
Cooler Concord,Yes,Change to LED lighting,Medium,$,Home Energy,led_lighting
Cooler Concord,Yes,Eat a More Plant-Based Diet ,Medium,0,Food,low_carbon_diet
Cooler Concord,No,Eat Local with a CSA,Medium,$,Food,eat_locally
Cooler Concord,Yes,Ecological Landscaping  ,Low,$$,Land & Water,plant_natives
Cooler Concord,Yes,Energy-Efficient Appliances ,High,$$,Home Energy,energystar_fridge
Cooler Concord,Yes,Food scraps pickup ,Medium,$$,Waste & Recycling,compost
Cooler Concord,Yes,Get rid of junk mail ,Low,0,Waste & Recycling,reduce_waste
Cooler Concord,Yes,Install a Heat Pump for Heating and AC,High,$$$,Home Energy,air_source_hp
Cooler Concord,Yes,Install A Heat Pump Water Heater ,Medium,$$,Home Energy,hp_water_heater
Cooler Concord,No,Insulate and Air Seal Your Home,High,$$,Home Energy,weatherization
Cooler Concord,Yes,Invest Like a Climate Activist ,Medium,0,Activism & Education,investing
Cooler Concord,Yes,Market my Green Home,Low,$$,Home Energy,market_green_home
Cooler Concord,Yes,No-cost Home Energy Assessment ,Low,0,Home Energy,energy_audit
Cooler Concord,Yes,Offset your air travel ,High,$$,Transportation,offset_flights
Cooler Concord,Yes,Plant a Native Tree,Low,$,Land & Water,plant_trees
Cooler Concord,Yes,Put Solar on Your Rooftop ,High,$$$,Electricity & Solar,install_solarPV
Cooler Concord,Yes,Switch to Electric Lawn Equipment,Low,$,Land & Water,electric_mower
Cooler Concord,Yes,Switch to Induction Cooking,Medium,$$,Home Energy,induction_stove
Cooler Concord,Yes,Use Your Car Less Challenge ,High,0,Transportation,reduce_car_miles
Cooler Concord!,Yes,Community Solar,Medium,$,Electricity & Solar,community_solar
Cooler Concord!,No,Electric bike,Medium,$$,Transportation,buy_e_bike
Cooler Concord!,Yes,Electric lawncare,Medium,$$,Land & Water,electric_mower
Cooler Concord!,No,Solar assist water heater,,,,install_solarHW
Cooler Concord!,Yes,Use a low carbon bank,Low,0,Activism & Education,investing
Cooler GCVS,Yes,Buy or Lease Electric Car,High,$$,Transportation,replace_car
Cooler GCVS,No,Clean Green Power-GCVS,,,,renewable_elec
Cooler GCVS,No,Donate Building Materials GCVS,Low,0,Waste & Recycling,swap_donate
Cooler GCVS,Yes,Eat for the Earth ,Medium,$,Food,low_carbon_diet
Cooler GCVS,No,Ecological Landscaping Tree Planting,,,,plant_trees
Cooler GCVS,No,Ecological Landscaping Tree Planting,,,,reduce_lawn_size
Cooler GCVS,No,Energy-Efficient Appliances,High,$$,Home Energy,energystar_fridge
Cooler GCVS,Yes,Free Home Energy Assessment,Low,0,Home Energy,energy_audit
Cooler GCVS,No,Heat my water with Solar! GCVS,,,,install_solarHW
Cooler GCVS,Yes,Heat Pumps,Medium,$,Home Energy,air_source_hp
Cooler GCVS,No,Invest in the Climate,Medium,0,Activism & Education,investing
Cooler GCVS,Yes,Make Exploding Seed Balls,Medium,$,Land & Water,activities_for_kids
Cooler GCVS,No,Monitor My Electricity Usage,,,,electricity_monitor
Cooler GCVS,No,Pass on used goods,Medium,0,Waste & Recycling,swap_donate
Cooler GCVS,Yes,Protect our Rainforests,High,$,Land & Water,environmental_stewardship
Cooler GCVS,No,Renovating? Improve Efficiency too! GCVS,,,,efficient_renovations
Cooler GCVS,Yes,Sun for Everyone - Community Solar,High,$$,Electricity & Solar,community_solar
Cooler GCVS,No,Switch to LED Lighting,Medium,$,Home Energy,led_lighting
Cooler GCVS,Yes,The Challenge Starts Here!,Low,0,Activism & Education,get_involved
Cooler Greenfield,Yes,Be a Lazy Gardener,Medium,$,Land & Water,plant_natives
Cooler Greenfield,Yes,Become a Playwright,Medium,0,Activism & Education,activism
Cooler Greenfield,No,Buy food from a local farm-GreenfieldMA,Medium,$,Food,eat_locally
Cooler Greenfield,No,Earth-Friendly Gardening ,Low,$,Land & Water,plant_natives
Cooler Greenfield,No,Ecological Landscaping Tree Planting-GreenfieldMA,Low,$$,Land & Water,plant_trees
Cooler Greenfield,No,Food scraps pickup-GreenfieldMA,Low,$,Waste & Recycling,compost
Cooler Greenfield,No,Get rid of junk mail-GreenfieldMA,Low,0,Waste & Recycling,reduce_waste
Cooler Greenfield,Yes,Getting Off Fossil Fuels,High,,Home Energy,zero_emissions
Cooler Greenfield,Yes,Go Vegetarian or Vegan,High,0,Food,low_carbon_diet
Cooler Greenfield,Yes,Indoor Plants,Low,$,Land & Water,grow_local
Cooler Greenfield,Yes,Invest in Solar Panels,High,$$$,Electricity & Solar,install_solarPV
Cooler Greenfield,Yes,Join Your School's Environmental Club,Medium,0,Activism & Education,get_involved
Cooler Greenfield,No,Less Meat = Less Greenhouse Gases,High,0,Food,low_carbon_diet
Cooler Greenfield,No,No-cost Home Energy Assessment,Low,0,Home Energy,energy_audit
Cooler Greenfield,No,Pass on used goods-GreenfieldMA,Medium,0,Waste & Recycling,swap_donate
Cooler Greenfield,Yes,Plant a Native Tree,High,$,Land & Water,plant_trees
Cooler Greenfield,Yes,Plant Native Plants,Medium,$,Land & Water,plant_natives
Cooler Greenfield,Yes,Start Here: Join Cooler Greenfield,Low,0,Activism & Education,get_involved
Cooler Greenfield,Yes,Use Walking or Biking for Transportation,High,,Transportation,people_power
Cooler Greenfield,No,"Walk, Bike, or Bus",High,0,Transportation,people_power
Cooler Northampton,Yes,Backyard compost or service,Medium,$,Waste & Recycling,compost
Cooler Northampton,Yes,Buy or Lease an Electric Car,Medium,$$,Transportation,replace_car
Cooler Northampton,No,Change to LED Lighting-Noho,,,,led_lighting
Cooler Northampton,No,Clean Green Power,Medium,$$,Home Energy,renewable_elec
Cooler Northampton,No,Donate Building Materials,Low,0,Waste & Recycling,swap_donate
Cooler Northampton,Yes,Ecological Landscaping Tree Planting ,Medium,$,Land & Water,plant_trees
Cooler Northampton,Yes,Energize Your Roof,,,,install_solarPV
Cooler Northampton,No,Energy-Efficient Appliances,High,$$,Home Energy,energystar_fridge
Cooler Northampton,No,Heat my water with Solar!,Medium,$$$,Home Energy,install_solarHW
Cooler Northampton,Yes,Heat Pumps,Medium,$,Home Energy,air_source_hp
Cooler Northampton,No,Invest Like a Climate Activist- Noho,,,Activism & Education,investing
Cooler Northampton,Yes,Make Exploding Seed Balls,Medium,$,Food,activities_for_kids
Cooler Northampton,No,Monitor My Electricity Usage,Low,$,Home Energy,electricity_monitor
Cooler Northampton,Yes,No-cost Home Energy Assessment,Low,0,Home Energy,energy_audit
Cooler Northampton,No,Offset your air travel,Medium,$,Transportation,offset_flights
Cooler Northampton,No,Pass on used goods,Medium,0,Waste & Recycling,swap_donate
ooler Northampton,Yes,The Adventure Starts Here!,Low,0,Activism & Education,get_involved
Cooler SICS,No,Change to LED Lighting- SICS,,,,led_lighting
Cooler SICS,No,Heat Pumps-SICS,High,$$$,Home Energy,air_source_hp
Cooler SICS,No,Invest Like a Climate Activist,,,Activism & Education,investing
Cooler SICS,No,Monitor My Electricity Usage,,,,electricity_monitor
Cooler SICS,Yes,No-cost Home Energy Assessment,Low,0,Activism & Education,energy_audit
Cooler SICS,Yes,The Adventure Starts Here!,,0,Activism & Education,learn
Cooler Springfield,Yes,Action Adventure Starts Here!,High,0,Activism & Education,get_involved
Cooler Springfield,No,Backyard compost or service-Springfield,Low,0,Land & Water,compost
Cooler Springfield,No,Change to LED Lights,,,,led_lighting
Cooler Springfield,Yes,Food For Thought,High,0,Food,low_carbon_diet
Cooler Springfield,Yes,Get Rid Of Junk Mail In One Go,Medium,0,Waste & Recycling,reduce_waste
Cooler Springfield,Yes,Getting Around (Without) Driving,High,0,Transportation,reduce_car_miles
Cooler Springfield,No,Heat Pumps Springfield,High,$$$,Home Energy,air_source_hp
Cooler Springfield,No,Invest Like a Climate Activist,,,Activism & Education,investing
Cooler Springfield,Yes,Love Your Home,Medium,$,Home Energy,weatherization
Cooler Springfield,No,Monitor My Electricity Usage,,,,electricity_monitor
Cooler Springfield,Yes,Pass It On,Medium,0,Waste & Recycling,swap_donate
Cooler Springfield,Yes,Save Your Power ,Medium,$,Home Energy,conserve_electricity
Cooler Springfield,Yes,Shrink My Carbon Footprint,Low,0,Activism & Education,carbon_footprint
Cooler Springfield,Yes,Start A New Action!,Low,0,Activism & Education,help_community
Cooler Springfield,Yes,Waste Less,Low,0,Waste & Recycling,reduce_waste
Cooler Springfield,Yes,Water Wise,Low,0,Land & Water,conserve_water
CSNDC Community,Yes,"""Support"" HERO Legislation",High,0,Activism & Education,activism
CSNDC Community,Yes,"Bring a bag, save the Earth and 10¢-Copy",Low,0,Waste & Recycling,community_cleanup
CSNDC Community,Yes,Curbside & Backyard Composting-Copy,Low,0,Waste & Recycling,compost
CSNDC Community,Yes,Eat Less Meat and Dairy-Copy,High,0,Food,low_carbon_diet
CSNDC Community,Yes,HERO Bill - Send Email,High,0,Activism & Education,activism
CSNDC Community,Yes,May Line Drying Challenge-Copy,Low,$,Home Energy,line_dry
CSNDC Community,Yes,Sign up for our HERO Newsletter!  ,High,0,Activism & Education,activism
CSNDC Community,Yes,Want to Volunteer?-Copy,Low,0,Activism & Education,activism
Demo 2022,Yes,Calculate Your Carbon Footprint,Low,0,Activism & Education,carbon_footprint
Demo 2022,Yes,Change Thermostat Settings,Medium,$$$,Home Energy,prog_thermostats
Demo 2022,Yes,Community Solar,Medium,0,Electricity & Solar,community_solar
Demo 2022,Yes,Compost at Home or with a Service,Low,0,Waste & Recycling,compost
Demo 2022,Yes,Eat a More Plant-Based Diet,High,0,Food,low_carbon_diet
Demo 2022,No,Ecological Landscaping Tree Planting,Low,$$,Land & Water,plant_trees
Demo 2022,Yes,Electrify Your Ride ,High,$$$,Waste & Recycling,replace_car
Demo 2022,Yes,Insulate and Air Seal Your Home,High,$$,Home Energy,weatherization
Demo 2022,Yes,No-cost Home Energy Assessment,Low,0,Home Energy,energy_audit
Demo 2022,Yes,Reduce Always-On Wasted Electricity,Low,0,Home Energy,conserve_electricity
Demo 2022,Yes,Refer a Friend ,Low,0,Activism & Education,help_community
Demo 2022,Yes,Suggest a New Action,Low,0,Activism & Education,help_community
Demo 2022,No,Suggested action,,,,help_community
Demo 2022,Yes,Suggested action-Copy,,,,help_community
Demo 2022,Yes,Sustainable Household Goods,Low,$,Waste & Recycling,swap_donate
Demo 2022,Yes,Update Heating and Cooling,High,$$$,Home Energy,efficient_fossil
Demo 2023,Yes,An Action You Want to Show Up First,Low,0,Food,help_community
Demo 2023,Yes,Calculate Your Carbon Footprint,Low,0,Activism & Education,carbon_footprint
Demo 2023,Yes,Change Thermostat Settings,Medium,$$$,Home Energy,electricity_monitor
Demo 2023,Yes,Change Thermostat Settings,Medium,$$$,Home Energy,prog_thermostats
Demo 2023,Yes,Community Solar,Medium,0,Electricity & Solar,community_solar
Demo 2023,Yes,Compost at Home or with a Service,Low,0,Waste & Recycling,compost
Demo 2023,Yes,Eat a More Plant-Based Diet,High,0,Food,low_carbon_diet
Demo 2023,Yes,Ecological Landscaping Tree Planting,Low,$$,Land & Water,plant_trees
Demo 2023,Yes,Ecological Landscaping Tree Planting,Low,$$,Land & Water,reduce_lawn_size
Demo 2023,Yes,Electrify Your Ride ,High,$$$,Transportation,replace_car
Demo 2023,Yes,Insulate and Air Seal Your Home,High,$$,Home Energy,weatherization
Demo 2023,Yes,Invest Like a Climate Activist,Medium,0,Activism & Education,investing
Demo 2023,Yes,No-cost Home Energy Assessment,Low,0,Home Energy,energy_audit
Demo 2023,Yes,Reduce Always-On Wasted Electricity,Low,0,Home Energy,conserve_electricity
Demo 2023,Yes,Refer a Friend ,Low,0,Activism & Education,activism
Demo 2023,Yes,Suggest a New Action,Low,0,Activism & Education,help_community
Demo 2023,Yes,Sustainable Household Goods,Low,$,Waste & Recycling,reduce_waste
Demo 2023,Yes,Update Heating and Cooling,High,$$$,Home Energy,air_source_hp
EcoNatick,Yes,Advocate - Join a statewide network!,Medium,0,Activism & Education,get_involved
EcoNatick,No,An Environment for All People-MW,High,0,Activism & Education,environmental_stewardship
EcoNatick,No,Avoid Bottled Water-MW,Low,0,Waste & Recycling,reduce_waste
EcoNatick,Yes,Backyard compost or food scrap service,Low,$,Waste & Recycling,compost
EcoNatick,Yes,Backyard Composting,Low,0,Waste & Recycling,compost
EcoNatick,Yes,Be Water Wise,Low,0,Land & Water,conserve_water
EcoNatick,No,Buy food from a local farm-EcoNatick,Medium,$,Food,eat_locally
EcoNatick,No,Buy food from local farms,Medium,$,Food,eat_locally
EcoNatick,No,Buy Less Stuff-MW,Medium,$,Waste & Recycling,reduce_waste
EcoNatick,No,Buy or Lease an EV,High,$$$,Transportation,replace_car
EcoNatick,No,Calculate your Carbon Footprint-EcoNatick,Low,0,Activism & Education,carbon_footprint
EcoNatick,Yes,Clean Water - Clear Choices,Low,0,Land & Water,environmental_stewardship
EcoNatick,No,Community Garden Plots-MW,Low,$,Land & Water,plant_natives
EcoNatick,No,Community Solar-EcoNatick,Medium,0,Electricity & Solar,community_solar
EcoNatick,No,Compost at Home or with a Service,High,0,Waste & Recycling,compost
EcoNatick,Yes,Composting Curbside Pick-up,Medium,$,Waste & Recycling,compost
EcoNatick,No,Controlling Invasive Plant Species -MW,Low,0,Land & Water,plant_natives
EcoNatick,No,Controlling Invasive Plant Species -MW,Low,0,Land & Water,reduce_lawn_size
EcoNatick,No,Ditch Disposables-MW,Low,0,Waste & Recycling,reduce_waste
EcoNatick,No,"Donate, Borrow and Buy Used -MW",Low,0,Waste & Recycling,swap_donate
EcoNatick,Yes,Drive Electric,High,$$$,Transportation,replace_car
EcoNatick,Yes,Earth Day All Around Natick,Low,0,Activism & Education,energy_fair
EcoNatick,Yes,Earth-Friendly Gardening,Low,$,Land & Water,plant_natives
EcoNatick,No,Eat for the Earth - Age 8+-MW,High,0,Food,low_carbon_diet
EcoNatick,No,Eat More Plant-Based Meals-MW,Medium,$,Food,low_carbon_diet
EcoNatick,No,Ecological Landscaping Tree Planting-EcoNatick,Low,$$,Land & Water,plant_trees
EcoNatick,No,Enviro Justice Is Racial Justice,High,0,Activism & Education,environmental_justice
EcoNatick,No,Environmentally Friendly Kitchen-MW,Medium,$,Activism & Education,compost
EcoNatick,No,Food scraps pickup-EcoNatick,Low,$,Waste & Recycling,compost
EcoNatick,No,Get rid of junk mail-EcoNatick,Low,0,Waste & Recycling,reduce_waste
EcoNatick,No,Get rid of junk mail-MW,Low,0,Waste & Recycling,reduce_waste
EcoNatick,Yes,Grab a good book!,Low,0,Activism & Education,learn
EcoNatick,No,Green Your Electricity-EcoNatick,High,0,Home Energy,renewable_elec
EcoNatick,No,Grow your own food,Medium,$,Food,grow_local
EcoNatick,No,Heat my water with Solar!-EcoNatick,Medium,$$$,Home Energy,install_solarHW
EcoNatick,Yes,HUGE Heat Pump rebates!,High,$$,Home Energy,air_source_hp
EcoNatick,No,Insulate and Air Seal Your Home-EcoNatick,High,$$,Home Energy,weatherization
EcoNatick,Yes,Invest Like a Climate Activist,Medium,0,Activism & Education,investing
EcoNatick,Yes,Join Natick's Net Zero Natick Committee,Medium,0,Activism & Education,get_involved
EcoNatick,Yes,Join Natick’s Electricity Aggregation!,Medium,$,Home Energy,muni_aggregation
EcoNatick,Yes,Join Natick’s Electricity Aggregation!,Medium,$,Home Energy,renewable_elec
EcoNatick,Yes,Keep Natick Beautiful,Low,0,Waste & Recycling,community_cleanup
EcoNatick,No,Litter-Free Natick,Low,0,Waste & Recycling,community_cleanup
EcoNatick,Yes,No-cost Home Energy Assessment,Low,0,Home Energy,energy_audit
EcoNatick,No,No-cost Home Energy Assessment-MW,Low,0,Home Energy,energy_audit
EcoNatick,No,Pass It On-MW,Medium,0,Waste & Recycling,swap_donate
EcoNatick,No,Pass on used goods-EcoNatick,Medium,0,Waste & Recycling,swap_donate
EcoNatick,No,People Power Your Errands-EcoNatick,High,0,Transportation,people_power
EcoNatick,No,Plant a Native Tree-MW,Low,$,Land & Water,plant_trees
EcoNatick,No,Plant Native Grasses,Low,0,Land & Water,plant_natives
EcoNatick,Yes,Plant native grasses instead of lawns,Low,$$,Land & Water,plant_natives
EcoNatick,No,Planting the Future,Low,0,Land & Water,plant_trees
EcoNatick,No,Pledge to Vote-EcoNatick,Medium,0,Activism & Education,local_decision
EcoNatick,No,Pledge to Vote-MW,Medium,0,Activism & Education,local_decision
EcoNatick,No,Promote Sustainability in Our Schools-MW,Low,0,Activism & Education,sustain_school
EcoNatick,No,Promote Sustainability in Our Schools-MW,Low,0,Activism & Education,sustain_school
EcoNatick,Yes,Read Natick's Net Zero Plan,Low,0,Activism & Education,learn
EcoNatick,No,Reduce Light Pollution-MW,Medium,0,Activism & Education,light_pollution
EcoNatick,No,Refer a Friend-EcoNatick  - it's great!,Low,0,Activism & Education,help_community
EcoNatick,No,Repair it-MW,Low,0,Waste & Recycling,avoid_purchase
EcoNatick,Yes,Restore the River,Medium,0,Land & Water,environmental_stewardship
EcoNatick,Yes,Restoring the River,Medium,0,Land & Water,environmental_stewardship
EcoNatick,No,Rooftop solar-EcoNatick,High,$$$,Electricity & Solar,install_solarPV
EcoNatick,No,Save Water-MW,Low,0,Land & Water,conserve_water
EcoNatick,No,Savings for Renters,Low,0,Home Energy,savings_for_renters
EcoNatick,No,Shop Local: Farmers Market-MW,High,0,Food,eat_locally
EcoNatick,No,Shop Local: Farmers Market-MW,High,0,Food,low_carbon_diet
EcoNatick,Yes,Sign up and be counted!,Low,0,Activism & Education,energy_fair
EcoNatick,Yes,Sign up and be counted!,Low,0,Activism & Education,help_community
EcoNatick,No,Smart Thermostats-MW,Medium,$,Home Energy,prog_thermostats
EcoNatick,No,Suggest a New Action for this Site,Low,0,Activism & Education,help_community
EcoNatick,No,Sustainable Household Goods-EcoNatick,Low,$,Waste & Recycling,reduce_waste
EcoNatick,Yes,Try the Seed Library!,Low,0,Food,grow_local
EcoNatick,Yes,View & VOTE: School Committee Candidates,Medium,0,Activism & Education,local_decision
EcoNatick,Yes,View & VOTE: Select Board Candidates ,Medium,0,Activism & Education,local_decision
EcoNatick,Yes,What's the buzz about No Mow May?,Low,,Land & Water,reduce_lawn_care
Energize Acton,Yes,Buy Less Stuff,Medium,$,Waste & Recycling,avoid_purchase
Energize Acton,Yes,Calculate Your Carbon Footprint,Low,0,Activism & Education,carbon_footprint
Energize Acton,Yes,Choose 100% Green Electricity,High,$,Home Energy,muni_aggregation
Energize Acton,Yes,Consider Climate-driven Investments,Low,0,Activism & Education,investing
Energize Acton,Yes,Drive Electric,High,$$,Transportation,replace_car
Energize Acton,Yes,Eat More Plant-Based Meals,Medium,$,Food,low_carbon_diet
Energize Acton,Yes,Garden Ecologically,Low,$,Land & Water,plant_natives
Energize Acton,Yes,Get Dirty in the Garden,Low,$,Waste & Recycling,grow_local
Energize Acton,Yes,Heat & Cool: Heat Pumps ,High,$$$,Home Energy,air_source_hp
Energize Acton,No,How can you help? Join us! Sign up now.,Low,0,Activism & Education,help_community
Energize Acton,Yes,Install Solar,High,$$$,Electricity & Solar,install_solarPV
Energize Acton,Yes,Insulate & Weatherize to the Max,High,$$,Home Energy,weatherization
Energize Acton,Yes,Make Magic: Compost,Low,0,Land & Water,compost
Energize Acton,No,NOT: Buy Energy-Efficient Appliances,Medium,$,Home Energy,energystar_fridge
Energize Acton,No,NOT: Get an Energy Audit or Coaching,Low,0,Home Energy,energy_audit
Energize Acton,No,NOT: Join Climate Advocacy Group,Low,0,Activism & Education,get_involved
Energize Acton,No,NOT: Monitor Electricity Use,Low,$,Home Energy,electricity_monitor
Energize Acton,No,NOT: Subscribe to Community Solar,Medium,0,Electricity & Solar,community_solar
Energize Acton,Yes,Renters: Save $$,Low,0,Home Energy,savings_for_renters
Energize Acton,Yes,Stay Current with Coalition Initiatives,High,0,Activism & Education,local_decision
Energize Acton,Yes,Switch to Induction Cooking,Low,$,Food,induction_stove
Energize Acton,Yes,Take the Zero Emissions Pledge,Low,0,Home Energy,zero_emissions
Energize Acton,No,Welcome & Intro to Actions & Goals,Low,0,Home Energy,learn
Energize Boxborough,Yes,Adopt Specialized Stretch Code,High,$$,Home Energy,local_decision
Energize Boxborough,Yes,Buy Food from a Local Farm,Medium,$,Food,eat_locally
Energize Boxborough,Yes,Buy Less Stuff,Low,0,Waste & Recycling,avoid_purchase
Energize Boxborough,Yes,Calculate your Carbon Footprint,Low,0,Activism & Education,carbon_footprint
Energize Boxborough,No,Celebrate Boxborough Bill,Low,0,Home Energy,local_decision
Energize Boxborough,Yes,Climate Action Crew,Medium,0,Home Energy,energy_audit
Energize Boxborough,Yes,Climate Action Crew - Book Discussion,Medium,0,Home Energy,energy_audit
Energize Boxborough,Yes,Consider Plant-Based Foods,Medium,0,Food,low_carbon_diet
Energize Boxborough,Yes,Drive Electric Vehicle (EV),High,$$$,Transportation,replace_car
Energize Boxborough,No,Eat a Plant-Based Diet,Low,$,Food,low_carbon_diet
Energize Boxborough,Yes,Free Home Energy Audit,Low,0,Home Energy,energy_audit
Energize Boxborough,Yes,Get Dirty in the Garden,Medium,$,Land & Water,grow_local
Energize Boxborough,Yes,Get Started,Low,0,Activism & Education,energy_fair
Energize Boxborough,Yes,Green Heating & Cooling ,High,$$$,Home Energy,air_source_hp
Energize Boxborough,No,Heat my water with Solar!-BoxboroughMA,Medium,$$$,Home Energy,install_solarHW
Energize Boxborough,No,Install a Heat Pump Water Heater,Medium,$$$,Home Energy,hp_water_heater
Energize Boxborough,Yes,Install Solar,High,$$$,Electricity & Solar,install_solarPV
Energize Boxborough,Yes,Insulate & Weatherize to the Max,High,$$$,Home Energy,weatherization
Energize Boxborough,No,Insulate and Air Seal Your Home-BoxboroughMA,High,$$,Home Energy,weatherization
Energize Boxborough,Yes,Join the Boxborough Conservation Trust,Low,0,Activism & Education,get_involved
Energize Boxborough,Yes,Make Magic: Compost,Low,0,Waste & Recycling,compost
Energize Boxborough,No,Not: Green Your Electricity-BoxboroughMA,High,0,Home Energy,renewable_elec
Energize Boxborough,Yes,Recycle Your Clothing,Low,0,Waste & Recycling,recycling
Energize Boxborough,Yes,Refer a Friend,Low,0,Activism & Education,help_community
Energize Boxborough,Yes,Renters: Save $$,Low,$$,Activism & Education,savings_for_renters
Energize Boxborough,No,Repurpose Used Goods,Medium,0,Waste & Recycling,reduce_waste
Energize Boxborough,No,Rooftop solar-BoxboroughMA,High,$$$,Electricity & Solar,install_solarPV
Energize Boxborough,Yes,Support the FreeBee Market,Low,$$,Land & Water,swap_donate
Energize Boxborough,Yes,Switch to Electric Lawn Equipment,Medium,$,Land & Water,electric_mower
Energize Framingham,No,$$$ to Buy Electric Lawn Equipment,Low,$,Home Energy,electric_mower
Energize Framingham,No,$$$ to Buy Electric Lawn Equipment,Low,$,Home Energy,electric_mower
Energize Framingham,No,Ask City to support curbside composting,Low,0,Activism & Education,energy_fair
Energize Framingham,No,"Bring a bag, save the Earth and 10¢",Low,0,Waste & Recycling,community_cleanup
Energize Framingham,No,Buy Local Seedlings,Low,$,Land & Water,plant_trees
Energize Framingham,Yes,Community Garden Plots,Low,$,Land & Water,grow_local
Energize Framingham,No,Consider Climate-driven Investing,,,,investing
Energize Framingham,Yes,Controlling Invasive Plant Species ,Low,0,Land & Water,plant_natives
Energize Framingham,Yes,Curbside & Backyard Composting,Low,0,Waste & Recycling,compost
Energize Framingham,Yes,Curbside Composting,Low,0,Waste & Recycling,compost
Energize Framingham,Yes,"Donate, Borrow and Buy Used ",Low,0,Waste & Recycling,swap_donate
Energize Framingham,Yes,Drive Electric ,High,$$$,Transportation,replace_car
Energize Framingham,Yes,Eat Less Meat and Dairy,High,0,Food,low_carbon_diet
Energize Framingham,Yes,Eat Local with a FarmShare,Low,$$,Food,eat_locally
Energize Framingham,No,Ecological Landscaping ,Low,$$,Land & Water,plant_natives
Energize Framingham,No,Environmental Justice Is Racial Justice,High,0,Activism & Education,environmental_justice
Energize Framingham,Yes,Framingham Electricity Aggregation,Medium,0,Home Energy,muni_aggregation
Energize Framingham,Yes,Get Cool with Mini-Splits,High,$$$,Home Energy,air_source_hp
Energize Framingham,No,Go Geothermal!,High,$$$,Home Energy,ground_source_hp
Energize Framingham,Yes,Go Solar! ,High,$$$,Electricity & Solar,install_solarPV
Energize Framingham,No,Green Your Electricity ,Medium,0,Home Energy,renewable_elec
Energize Framingham,Yes,Heat and Cool with Mini-Split Heat Pumps,High,$$$,Home Energy,air_source_hp
Energize Framingham,No,Heat my water with Solar!,Medium,$$,Home Energy,install_solarHW
Energize Framingham,No,Host a vegan Thanksgiving,Low,$,Food,low_carbon_diet
Energize Framingham,No,How does this website work? ,Low,0,Activism & Education,energy_fair
Energize Framingham,Yes,How does this website work? ,Low,0,Activism & Education,learn
Energize Framingham,No,How to pick the right solar provider,High,$$$,Electricity & Solar,solar_assessment
Energize Framingham,No,Join Metrowest 350MA Node ,Low,0,Activism & Education,get_involved
Energize Framingham,Yes,Landlords - Free Insulation,Low,0,Home Energy,energy_audit
Energize Framingham,Yes,Landlords - Limited Time Free Insulation,Low,0,Home Energy,weatherization
Energize Framingham,No,May Line Drying Challenge,Low,$,Home Energy,line_dry
Energize Framingham,Yes,Meatless Monday,High,0,Food,low_carbon_diet
Energize Framingham,Yes,Participate in a Framingham Clean-Up!,Low,0,Activism & Education,community_cleanup
Energize Framingham,No,Plant a Native Tree,Low,0,Land & Water,plant_trees
Energize Framingham,No,RECYCLE Right ,Low,0,Waste & Recycling,recycling
Energize Framingham,Yes,Recycling hard-to-recycle items,Low,$,Waste & Recycling,recycling
Energize Framingham,Yes,Reduce Your Heating & Cooling Costs!,Medium,0,Home Energy,weatherization
Energize Framingham,No,Refer a Friend,Low,0,Activism & Education,help_community
Energize Framingham,No,Register to VOTE,Medium,0,Activism & Education,local_decision
Energize Framingham,No,Save 5-10% and Support Solar Development,Medium,0,Electricity & Solar,community_solar
Energize Framingham,No,Saving Soil & Society!,Medium,0,Activism & Education,energy_fair
Energize Framingham,Yes,Savings for Renters ,Low,0,Home Energy,savings_for_renters
Energize Framingham,No,Solar Subscription - No Roof Required,Medium,$,Electricity & Solar,community_solar
Energize Framingham,No,START HERE for Energy Savings,Low,0,Home Energy,energy_audit
Energize Framingham,No,Stay Informed! Subscribe Today.,Low,0,Activism & Education,get_involved
Energize Framingham,No,Suggest a New Action,Low,0,Activism & Education,help_community
Energize Framingham,No,Summer Scavenger Hunt,Low,0,Activism & Education,activities_for_kids
Energize Framingham,No,Sustainable Household Goods,Low,$,Waste & Recycling,reduce_waste
Energize Framingham,No,Take the MWRTA! and other public transit,Medium,$,Transportation,reduce_car_miles
Energize Framingham,Yes,testing out this,,,,help_community
Energize Framingham,Yes,Use heat pumps for asthma,Medium,0,Home Energy,air_source_hp
Energize Framingham,No,Want to Volunteer?,Low,0,Activism & Education,help_community
Energize Franklin,Yes,Attend an Earth Day or Climate Festival,Low,0,Activism & Education,energy_fair
Energize Franklin,Yes,Bike to Save the Planet,Medium,0,Transportation,reduce_car_miles
Energize Franklin,Yes,Buy Local Food,Medium,$,Food,eat_locally
Energize Franklin,Yes,Buy/Lease an Electric or Hybrid Vehicle,High,$$$,Transportation,replace_car
Energize Franklin,Yes,Calculate Your Carbon Footprint,Low,0,Activism & Education,carbon_footprint
Energize Franklin,Yes,Change to LED Lighting,Medium,$,Home Energy,led_lighting
Energize Franklin,Yes,Community Aggregation,Medium,0,Electricity & Solar,muni_aggregation
Energize Franklin,Yes,Eat a More Plant-Based Diet,High,$,Food,low_carbon_diet
Energize Franklin,Yes,Electrify your landscaping equipment,Medium,$,Land & Water,electric_mower
Energize Franklin,Yes,Energy Steps for Renters,Low,0,Home Energy,savings_for_renters
Energize Franklin,Yes,Engage in the Climate Conversation,Low,0,Activism & Education,get_involved
Energize Franklin,Yes,Get a Free Home Energy Assessment,Low,0,Home Energy,energy_audit
Energize Franklin,Yes,Go Solar,High,$$$,Electricity & Solar,install_solarPV
Energize Franklin,Yes,Green Heating and AC,High,$$$,Home Energy,air_source_hp
Energize Franklin,Yes,Green Hot Water,Medium,$$,Home Energy,install_solarHW
Energize Franklin,Yes,How does this website work?,Low,0,Activism & Education,learn
Energize Franklin,Yes,Insulate Your Home,High,$$,Home Energy,weatherization
Energize Franklin,No,Invest Like a Climate Activis-FranklinMA,Medium,0,Activism & Education,investing
Energize Franklin,No,Invest Like a Climate Activist,Medium,0,Activism & Education,investing
Energize Franklin,Yes,Join 350 Mass Franklin Node,Low,0,Activism & Education,get_involved
Energize Franklin,Yes,Monitor Your Electrical Usage,Low,$,Home Energy,electricity_monitor
Energize Franklin,Yes,New or Replacement Windows,Low,$$$,Home Energy,windows
Energize Franklin,Yes,Plant a Native Tree or Garden,Low,$,Land & Water,plant_natives
Energize Franklin,Yes,Switch to Energy Efficient Appliances,High,$$,Home Energy,energystar_fridge
Energize Franklin,Yes,Switch to Induction Cooking,Low,$,Home Energy,induction_stove
Energize Franklin,Yes,Try Composting!,Medium,$,Waste & Recycling,compost
Energize Lexington,Yes,Avoid Bottled Water,Low,0,Waste & Recycling,reduce_waste
Energize Lexington,Yes,Buy Fewer Products in Plastic  ,Low,0,Waste & Recycling,reduce_waste
Energize Lexington,Yes,Buy Naked Stuff,Low,0,Waste & Recycling,reduce_waste
Energize Lexington,Yes,Buy or Lease an Electric Car,High,$$$,Transportation,replace_car
Energize Lexington,Yes,Buy Secondhand Clothing ,Low,0,Waste & Recycling,avoid_purchase
Energize Lexington,Yes,Change Your Thermostat Settings,Low,0,Home Energy,prog_thermostats
Energize Lexington,Yes,Compost Kitchen Waste ,Medium,$,Waste & Recycling,compost
Energize Lexington,Yes,Cool Climate Carbon Calculator,Low,0,Activism & Education,carbon_footprint
Energize Lexington,Yes,Ditch Disposables,Low,0,Waste & Recycling,reduce_waste
Energize Lexington,Yes,Do a Lazy Fall Garden Clean Up,Low,0,Land & Water,grow_local
Energize Lexington,Yes,"Donate, Borrow and Buy Used",Low,0,Waste & Recycling,swap_donate
Energize Lexington,Yes,Eat Less Meat and Dairy,High,$,Food,low_carbon_diet
Energize Lexington,Yes,Eat Local,Medium,$,Food,eat_locally
Energize Lexington,Yes,Environmental Justice: Racial Justice,High,0,Activism & Education,environmental_justice
Energize Lexington,Yes,Environmentally Friendly Kitchen,Medium,$,Activism & Education,energystar_fridge
Energize Lexington,Yes,Get Hot! Get Cool: Heat Pumps Do Both! ,High,$$$,Home Energy,air_source_hp
Energize Lexington,Yes,Go Solar,High,$$$,Electricity & Solar,install_solarPV
Energize Lexington,Yes,Heat Your Water with Solar,High,$$,Home Energy,install_solarHW
Energize Lexington,Yes,Help the Grid- Shave the Peak!,Low,0,Home Energy,shave_peak
Energize Lexington,Yes,How Can You Help? Sign Up!,Low,0,Activism & Education,activism
Energize Lexington,Yes,Install a Heat Pump Water Heater,Medium,$,Home Energy,hp_water_heater
Energize Lexington,Yes,Install Energy Efficient Appliances,High,$$,Home Energy,energystar_fridge
Energize Lexington,Yes,Insulate and Air Seal Your Home,High,$$,Home Energy,weatherization
Energize Lexington,Yes,Invest Like A Climate Activist,High,$$,Activism & Education,investing
Energize Lexington,Yes,Join Citizens for Lexington Conservation,High,0,Activism & Education,get_involved
Energize Lexington,Yes,Join Lexington Climate Action Network,High,0,Activism & Education,get_involved
Energize Lexington,Yes,Join Lexington Living Landscapes,High,0,Activism & Education,get_involved
Energize Lexington,Yes,Join Lexington Zero Waste Collaborative ,High,0,Waste & Recycling,get_involved
Energize Lexington,Yes,Join LPS Green Teams,Low,0,Activism & Education,get_involved
Energize Lexington,No,Join Mothers Out Front/Lexington ,Medium,0,Activism & Education,get_involved
Energize Lexington,Yes,Landscaping without Fossil Fuels ,Medium,$$,Land & Water,reduce_lawn_care
Energize Lexington,Yes,Lexington's 100% Green Electricity,Medium,0,Home Energy,muni_aggregation
Energize Lexington,Yes,Make Your Yard A Living Landscape,Medium,$,Land & Water,plant_natives
Energize Lexington,Yes,Offset Your Air Travel,High,$,Transportation,offset_flights
Energize Lexington,Yes,Plant A Tree,Low,$,Land & Water,plant_trees
Energize Lexington,Yes,RECYCLE Right,Low,0,Waste & Recycling,recycling
Energize Lexington,Yes,"Reduce ""Always On"" Electricity Use",Low,0,Home Energy,conserve_electricity
Energize Lexington,Yes,Renovating? Go for High Efficiency ,High,$$$,Home Energy,efficient_renovations
Energize Lexington,Yes,Repair it,Low,0,Waste & Recycling,avoid_purchase
Energize Lexington,Yes,Ride A Bike,Medium,$,Transportation,people_power
Energize Lexington,Yes,Schedule a Free Home Energy Assessment,Low,0,Home Energy,energy_audit
Energize Lexington,No,Subscribe to Lexington Green Network,High,0,Activism & Education,get_involved
Energize Lexington,No,Support Lexington Youth,High,0,Activism & Education,sustain_school
Energize Lexington,Yes,Switch to Induction Cooking,Low,$$,Home Energy,induction_stove
Energize Lexington,Yes,Switch to LED Lighting and Save,Medium,$,Home Energy,led_lighting
Energize Lexington,No,Take a Climate Coffee Break!,High,0,Activism & Education,learn
Energize Lexington,Yes,Take Public Transportation,High,0,Transportation,reduce_car_miles
Energize Lexington,Yes,Walk More; Drive Less,High,0,Transportation,people_power
Energize Lexington,Yes,Walk More: Drive Less,Medium,0,Transportation,people_power
Energize Lexington,No,What Can We Do? Sign Up!,Low,0,Activism & Education,help_community
Energize Lexington,Yes,Why We Should Electrify Everything,High,0,Activism & Education,learn
Energize Lincoln,No,Invest Like a Climate Activis-LincolnMA,Medium,0,Activism & Education,investing
Energize Lincoln,No,Use heatpump-LincolnMA,High,$$$,Home Energy,air_source_hp
Energize Littleton,Yes,Air-Dry Your Clothes,Low,$,Home Energy,line_dry
Energize Littleton,Yes,Calculate Your Carbon Footprin-LittnMA,Low,0,Activism & Education,energy_fair
Energize Littleton,Yes,Compost,Low,0,Waste & Recycling,compost
Energize Littleton,Yes,Drive an Electric Vehicl-LittnMA,High,$$$,Transportation,replace_car
Energize Littleton,Yes,Eat a Plant-Based Diet,High,0,Food,low_carbon_diet
Energize Littleton,Yes,Green Your Electricit-LittnMA,High,0,Home Energy,renewable_elec
Energize Littleton,Yes,Heat Your Water With Sola-LittnMA,Medium,$$,Home Energy,install_solarHW
Energize Littleton,Yes,Install Mini-Splits Heat Pump-LittnMA,High,$$$,Home Energy,air_source_hp
Energize Littleton,Yes,Install Mini-Splits-Cop-LittnMA,High,$$$,Home Energy,air_source_hp
Energize Littleton,Yes,Insulate Your Home,High,$$,Home Energy,weatherization
Energize Littleton,Yes,Invest Like a Climate Activis-LittnMA,Medium,0,Activism & Education,investing
Energize Littleton,Yes,Reduce Always-On Wasted Electricity,Low,0,Home Energy,conserve_electricity
Energize Littleton,Yes,Refer a Frien-LittletonMA,Low,0,Activism & Education,energy_fair
Energize Littleton,Yes,Schedule No-Cost Home Energy-LittletonMA,Low,0,Home Energy,energy_audit
Energize Littleton,Yes,Start Ecological Landscaping,Low,$$,Land & Water,reduce_lawn_size
Energize Littleton,Yes,Suggest a New Action,Low,0,Activism & Education,help_community
Energize Littleton,Yes,Sustainable Household Good-LittletonMA,Low,$,Waste & Recycling,reduce_waste
Energize MORE!,Yes,testing again,Low,0,Home Energy,help_community
Energize MORE!,Yes,testing this again-Copy,Medium,$,Home Energy,help_community
Energize MORE!,Yes,testing this again-Copycopy,Medium,$,Home Energy,help_community
Energize Natick,Yes,hratpumps!,High,$$$,Home Energy,air_source_hp
Energize Stow,Yes,Change Thermostat Settings-Copy,Low,$$$,Land & Water,prog_thermostats
Energize Stow,Yes,Green Your Electricity-Copy,High,0,Home Energy,renewable_elec
Energize Stow,No,Invest Like a Climate Activis-StowMA,Medium,0,Activism & Education,investing
Energize Stow,Yes,Join this site,High,0,Activism & Education,energy_fair
Energize Stow,Yes,Join this site,High,0,Activism & Education,help_community
Energize Wayland,No,Annual roadside trash Clean Up!,Low,0,Waste & Recycling,community_cleanup
Energize Wayland,No,Busy Parents Zero waste,Low,0,Waste & Recycling,reduce_waste
Energize Wayland,Yes,Buy food from local farms,Medium,$,Food,eat_locally
Energize Wayland,Yes,Buy Less Stuff,Medium,$,Waste & Recycling,avoid_purchase
Energize Wayland,Yes,Buy/lease an electric car/hybrid,High,$$$,Transportation,replace_car
Energize Wayland,No,Celebrate Earth Day!,Medium,0,Activism & Education,energy_fair
Energize Wayland,Yes,Change to LED Lighting,Medium,$,Home Energy,led_lighting
Energize Wayland,Yes,Cleaning house?  Donate or pass on,Low,0,Waste & Recycling,swap_donate
Energize Wayland,No,Community Garden Plot,Medium,$,Food,grow_local
Energize Wayland,No,Declare a Climate Emergency!,Medium,0,Activism & Education,activism
Energize Wayland,No,Discount compost bins,Low,0,Land & Water,compost
Energize Wayland,No,Discount compost bins!,Low,0,Land & Water,compost
Energize Wayland,Yes,Discounted Rain Barrels (ends 4/10!),Low,0,Land & Water,rain_barrel
Energize Wayland,Yes,Discounted Rain Barrels (ends 6/25),Low,0,Land & Water,rain_barrels
Energize Wayland,No,Discounted Rain Barrels: SOLD OUT,Low,0,Land & Water,rain_barrel
Energize Wayland,No,Donate building materials,Low,0,Waste & Recycling,swap_donate
Energize Wayland,No,Donate fresh food to food bank,Low,0,Food,eat_locally
Energize Wayland,Yes,Drive less / Walk more!,High,0,Transportation,people_power
Energize Wayland,Yes,Eat less meat and dairy,High,0,Food,low_carbon_diet
Energize Wayland,Yes,Ecological Landscaping,Low,$$,Land & Water,plant_natives
Energize Wayland,No,Electricity Use Monitor,Medium,$,Home Energy,electricity_monitor
Energize Wayland,Yes,Electrify your landscaping equipment,Medium,$$,Land & Water,electric_mower
Energize Wayland,No,Electrify your Lawn (Mower)!,Medium,$$,Land & Water,electric_mower
Energize Wayland,Yes,Energy-efficient appliances,Medium,$$,Home Energy,energystar_fridge
Energize Wayland,Yes,Expand your activism with an app,Low,0,Activism & Education,activism
Energize Wayland,No,Food scraps pickup,Low,$,Waste & Recycling,compost
Energize Wayland,Yes,Get rid of junk mail,Low,0,Waste & Recycling,reduce_waste
Energize Wayland,Yes,Green heating and AC,High,$$$,Home Energy,air_source_hp
Energize Wayland,Yes,Green your electricity,High,$,Home Energy,renewable_elec
Energize Wayland,Yes,Grow your own food,Medium,$,Food,grow_local
Energize Wayland,Yes,Heat my water with Solar!,Medium,$$$,Home Energy,install_solarHW
Energize Wayland,Yes,Help the grid - shave the peak!,Low,0,Home Energy,shave_peak
Energize Wayland,Yes,Home Battery Storage,Medium,$$,Home Energy,battery
Energize Wayland,Yes,Install a Heat Pump Water Heater,Medium,$,Home Energy,hp_water_heater
Energize Wayland,Yes,Install rooftop solar,High,$$$,Electricity & Solar,install_solarPV
Energize Wayland,Yes,Insulate and air seal your home,High,$$,Home Energy,weatherization
Energize Wayland,Yes,Invest like a climate activist,Medium,$$,Activism & Education,investing
Energize Wayland,Yes,Join Metrowest 350MA Node,Low,0,Activism & Education,get_involved
Energize Wayland,Yes,Join the Climate Mobilization!,Low,0,Activism & Education,get_involved
Energize Wayland,Yes,Join this site and be counted!,Low,0,Activism & Education,help_community
Energize Wayland,Yes,Make Magic: Compost,Low,0,Land & Water,compost
Energize Wayland,No,Market my Green Home,Low,0,Home Energy,market_green_home
Energize Wayland,No,Mobilize for a better future! ,Medium,0,Activism & Education,activism
Energize Wayland,Yes,Monitor your electricity,Medium,$$,Home Energy,electricity_monitor
Energize Wayland,Yes,NO COST home energy assessment,Low,0,Home Energy,energy_audit
Energize Wayland,No,No idling at or near schools,Low,0,Transportation,reduce_pollution
Energize Wayland,Yes,No-cost home energy assessment,Low,0,Home Energy,energy_audit
Energize Wayland,No,Offset your air travel,Medium,$,Transportation,offset_flights
Energize Wayland,No,Opt Up to APC Green for your Electricity,High,0,Home Energy,renewable_elec
Energize Wayland,No,Pass on used goods,Medium,0,Waste & Recycling,swap_donate
Energize Wayland,No,Recycle Textiles,Low,0,Waste & Recycling,recycling
Energize Wayland,Yes,Reduce/Replace your Lawn,Medium,$$,Land & Water,reduce_lawn_care
Energize Wayland,No,Renovating? Improve efficiency too!,High,$$,Home Energy,efficient_renovations
Energize Wayland,No,Riverside Commute Shuttle,Medium,0,Transportation,reduce_car_miles
Energize Wayland,No,Shop Local: Farmers Market,High,$,Food,eat_locally
Energize Wayland,Yes,Sign up for community solar,Medium,$,Electricity & Solar,community_solar
Energize Wayland,No,SUCCESS for Green Town Meeting Articles,High,0,Activism & Education,local_decision
Energize Wayland,No,Suggest a new action!,Low,0,Activism & Education,help_community
Energize Wayland,Yes,Switch to Induction Cooking,Low,$,Food,induction_stove
Energize Wayland,No,Take a local class on climate change,Low,,Activism & Education,learn
Energize Wayland,No,Take the Survey on Climate Change,Low,0,Activism & Education,help_community
Energize Wayland,No,What is the Town doing,Medium,0,Activism & Education,local_decision
Energize Wayland,Yes,What to do with food scraps?,Low,$,Waste & Recycling,compost
EnergizeNewburyport,No,Buy Less Stuff...Share More,Medium,0,Waste & Recycling,avoid_purchase
EnergizeNewburyport,Yes,Buy/Lease an Electric Car/Hybrid,High,$$$,Transportation,replace_car
EnergizeNewburyport,Yes,Change to LED Lighting,Low,$,Home Energy,led_lighting
EnergizeNewburyport,No,Cleaning house?  Donate or pass on,Low,0,Waste & Recycling,swap_donate
EnergizeNewburyport,Yes,Community Choice Power Supply,Medium,0,Home Energy,muni_aggregation
EnergizeNewburyport,Yes,Compost Kitchen Waste,Medium,$,Waste & Recycling,compost
EnergizeNewburyport,Yes,Donate Building Materials,Low,0,Waste & Recycling,swap_donate
EnergizeNewburyport,Yes,Eat Less Meat and Dairy,Medium,$,Food,low_carbon_diet
EnergizeNewburyport,No,Ecological Landscaping,Medium,$,Home Energy,plant_natives
EnergizeNewburyport,Yes,Electrify your Landscaping Equipment,Medium,$$,Home Energy,electric_mower
EnergizeNewburyport,Yes,Energy-efficient Appliances,High,$$,Home Energy,energystar_fridge
EnergizeNewburyport,Yes,Get Rid of Junk Mail!,Medium,0,Waste & Recycling,reduce_waste
EnergizeNewburyport,No,Heat My Water with Solar!,,,,install_solarHW
EnergizeNewburyport,Yes,Heating and Cooling with Heat Pumps,High,$$$,Home Energy,air_source_hp
EnergizeNewburyport,Yes,Install Rooftop Solar ,High,$$$,Electricity & Solar,install_solarPV
EnergizeNewburyport,Yes,Insulate and Weatherize ,High,0,Home Energy,weatherization
EnergizeNewburyport,Yes,Invest Like a Climate Activist,Medium,0,Activism & Education,investing
EnergizeNewburyport,Yes,Schedule a No-Cost Energy Assessment,High,0,Home Energy,energy_audit
EnergizeNewburyport,Yes,Sign Up for Community Solar,Medium,$,Electricity & Solar,community_solar
EnergizeNewburyport,Yes,Switch to Induction Cooking,Medium,$$,Home Energy,induction_stove
EnergizeNewburyport,Yes,Walk More: Drive Less,Medium,0,Transportation,people_power
EnergizeNewburyport,Yes,Walk More: Drive Less,Medium,0,Transportation,reduce_car_miles
EnergizeUs,Yes,Air-Dry Your Clothes,Low,$,Home Energy,line_dry
EnergizeUs,Yes,Compost at Home or with a Service,Low,0,Waste & Recycling,compost
EnergizeUs,Yes,Drive an Electric Vehicle,High,$$$,Transportation,replace_car
EnergizeUs,Yes,Eat a Plant-Based Diet,High,0,Food,low_carbon_diet
EnergizeUs,Yes,Heat Your Water With Solar,Medium,$$,Home Energy,install_solarHW
EnergizeUs,Yes,Refer a Friend,Low,0,Activism & Education,help_community
Fairmount Indigo Collab.,Yes,Cosponsorship email to your lawmakers!,High,0,Transportation,local_decision
Fairmount Indigo Collab.,Yes,Dive into Health Equity,Low,0,Activism & Education,environmental_justice
Fairmount Indigo Collab.,No,Join the Boston Green New Deal Coalition,Medium,0,Activism & Education,get_involved
Fairmount Indigo Collab.,Yes,Learn about Climate Change & Your Health,Low,0,Activism & Education,learn
Fairmount Indigo Collab.,No,Petition: Equitable & Accessible Transit,Low,0,Activism & Education,activism
Fairmount Indigo Collab.,Yes,Sign up for our Newsletter! ,High,0,Activism & Education,get_involved
Fairmount Indigo Collab.,No,Support the HERO Bill,High,0,Activism & Education,local_decision
Fairmount Indigo Collab.,No,Tell Gov. Baker to Sign the Climate Bill,High,0,Activism & Education,activism
Framingham Demo,Yes,Heat Pumps are Hard Copy 939,High,$$$,Home Energy,air_source_hp
Framingham Demo,Yes,Why do I need slippers in September?,,,,prog_thermostats
Global,No,landscaping,Medium,$$,Home Energy,grow_local
Global,No,Solar Hot Water,High,$$$,Solar PV,install_solarHW
Global Climate Corps,Yes,Change Thermostat Settings,Low,$$$,Land & Water,electricity_monitor
Global Climate Corps,No,Invest Like a Climate Activis-ExpressTraining,Medium,0,Activism & Education,investing
Global Climate Corps,Yes,Suggest a New Action-Copy,Low,0,Activism & Education,help_community
Global Climate Corps,Yes,Update Heating and Cooling-Copy,High,$$$,Home Energy,air_source_hp
Green Newton,Yes,"""Buy Less Stuff"" Challenge",High,0,Waste & Recycling,avoid_purchase
Green Newton,No,Buy Carbon Offsets for Air Travel,Low,0,Transportation,offset_flights
Green Newton,Yes,Change to LED Lighting,Low,0,Home Energy,led_lighting
Green Newton,Yes,Change Your Thermostat Settings,Medium,0,Home Energy,prog_thermostats
Green Newton,No,Choose 100% Renewable Electricity,High,0,Home Energy,renewable_elec
Green Newton,Yes,Choose Energy Efficient Appliances,High,$$,Home Energy,energystar_fridge
Green Newton,Yes,Compost at Home or With a Service,Low,0,Waste & Recycling,compost
Green Newton,Yes,Eat a More Plant-Based Diet,High,0,Food,low_carbon_diet
Green Newton,Yes,Electrify Your Ride,High,$$$,Transportation,replace_car
Green Newton,No,Get a Virtual Home Energy Assessment,High,0,Home Energy,energy_audit
Green Newton,Yes,Go for High Efficiency Renovations,Medium,$$$,Home Energy,efficient_renovations
Green Newton,Yes,Install A Heat Pump Water Heater,Medium,$$,Home Energy,hp_water_heater
Green Newton,Yes,"Insulate ""To The Max""",High,0,Home Energy,weatherization
Green Newton,Yes,Invest Like a Climate Activist,Medium,0,Activism & Education,investing
Green Newton,Yes,Join Action Alert Team,High,0,Activism & Education,get_involved
Green Newton,Yes,Organize A Neighborhood Tree Planting,Low,0,Activism & Education,plant_trees
Green Newton,Yes,Promote Sustainability in Our Schools,Low,0,Activism & Education,sustain_school
Green Newton,Yes,Put Solar on Your Rooftop,High,$$$,Electricity & Solar,install_solarPV
Green Newton,Yes,Reduce Always-On Wasted Electricity,Low,0,Home Energy,conserve_electricity
Green Newton,No,Saving Water Saves Energy,Low,0,Land & Water,conserve_water
Green Newton,Yes,Update Heating & Cooling,High,$$$,Home Energy,air_source_hp
Green Newton,No,Use More Public Transit,High,0,Transportation,reduce_car_miles
Green Newton,Yes,Use Your Car Less Challenge,High,0,Transportation,reduce_car_miles
Green Pepperell,Yes,Backyard Composting,Low,0,Waste & Recycling,compost
Green Pepperell,Yes,Community Solar on Pepperell's Landfill,High,0,Electricity & Solar,community_solar
Green Pepperell,No,Conserve Water - Critical Drought,High,0,Land & Water,conserve_water
Green Pepperell,Yes,Earth-Friendly Yard & Garden: Go Native!,Medium,$,Land & Water,plant_natives
Green Pepperell,Yes,Heating & Cooling with Heat Pumps,High,$$,Home Energy,air_source_hp
Green Pepperell,No,Mass Save Residential New Construction,High,$$$,Home Energy,efficient_renovations
Green Pepperell,Yes,No-cost Home Energy Assessment,Low,0,Home Energy,energy_audit
Green Pepperell,No,Outdoor Lighting Bylaw,Medium,$,Home Energy,light_pollution
Green Pepperell,Yes,Participate in Pepperell Net Zero Plan,High,0,Activism & Education,local_decision
Green Pepperell,Yes,Pepperell Community Electricity,High,$,Home Energy,muni_aggregation
Green Pepperell,Yes,Preserve Our Starry Starry Nights ,Medium,$,Home Energy,light_pollution
Green Pepperell,Yes,Protect Our Land & Water,Medium,$,Land & Water,environmental_stewardship
Green Pepperell,No,"Vote on April 24, 2023",,0,Activism & Education,local_decision
Green Pepperell,Yes,"Vote on Nov 8, 2022",,0,Activism & Education,local_decision
Hampshire Regional HS,No,Backyard compost or service-westhampton,Low,0,Land & Water,compost
Hampshire Regional HS,No,Buy or Lease an Electric Car,High,$$$,Transportation,replace_car
Hampshire Regional HS,No,Change to LED Lighting,Medium,$,Home Energy,led_lighting
Hampshire Regional HS,Yes,Clean Green Power,High,$,Home Energy,renewable_elec
Hampshire Regional HS,No,Energy-Efficient Appliances,High,$$,Home Energy,energystar_fridge
Hampshire Regional HS,Yes,Free Home Energy Assessment,,,,energy_audit
Hampshire Regional HS,No,Heat my water with Solar!,Medium,$$$,Home Energy,install_solarHW
Hampshire Regional HS,Yes,Heat Pumps,High,$$,Home Energy,air_source_hp
Hampshire Regional HS,No,Invest Like a Climate Activist,Medium,0,Activism & Education,investing
Hampshire Regional HS,No,Market my Green Home-westhampton,Low,0,Home Energy,market_green_home
Hampshire Regional HS,No,Monitor My Electricity Usage,Low,$$,Home Energy,electricity_monitor
Hampshire Regional HS,No,Offset your air travel,Medium,$,Transportation,offset_flights
Hampshire Regional HS,No,Pass on used goods,Medium,0,Waste & Recycling,swap_donate
Hampshire Regional HS,Yes,The Adventure Starts Here!,,0,Activism & Education,energy_fair
HarvardEnergize,Yes,Advocate for Action on Climate,Medium,0,Activism & Education,get_involved
HarvardEnergize,Yes,Backyard Composting,Low,0,Food,compost
HarvardEnergize,Yes,Buy food from a local farm,Medium,$,Food,eat_locally
HarvardEnergize,Yes,Buy or Lease an Electric Car,High,$$$,Transportation,replace_car
HarvardEnergize,Yes,Carbon Offset for Travel,Low,0,Transportation,offset_flights
HarvardEnergize,Yes,Convert to LED Lighting,Medium,$,Home Energy,led_lighting
HarvardEnergize,Yes,E-Bikes,Medium,$$,Transportation,buy_e_bike
HarvardEnergize,Yes,Ecological Landscaping ,Low,$$,Land & Water,plant_natives
HarvardEnergize,Yes,Electric Energy Efficient Appliances,Medium,$$,,energystar_fridge
HarvardEnergize,Yes,Get Solar for your House!,High,$$$,Electricity & Solar,install_solarPV
HarvardEnergize,Yes,Heat Your Water With Solar,Medium,$$,Home Energy,install_solarHW
HarvardEnergize,Yes,Heating & Cooling with Heat Pumps,High,$$,Home Energy,air_source_hp
HarvardEnergize,Yes,Insulate and Air Seal Your Home,High,$$,Home Energy,weatherization
HarvardEnergize,Yes,Invest Like a Climate Activist ,Medium,$$,Activism & Education,investing
HarvardEnergize,Yes,No-cost Home Energy Assessment,Low,0,Home Energy,energy_audit
HarvardEnergize,Yes,Reduce Wasted Electricity,Low,0,Home Energy,conserve_electricity
HarvardEnergize,Yes,Switch to Electric Lawn Equipment,Low,$,Home Energy,electric_mower
HarvardEnergize,Yes,Water heating with Heat Pumps,Medium,$$,Home Energy,hp_water_heater
JCAN,Yes,Buy or Lease Electric Car,High,$$$,Transportation,replace_car
JCAN,Yes,Change to LED Lighting,Low,0,Home Energy,led_lighting
JCAN,Yes,"Community Solar, No Installation ",Medium,$,Electricity & Solar,community_solar
JCAN,Yes,Compost at Home or With a Service,Low,0,Waste & Recycling,compost
JCAN,Yes,Dayenu: A Jewish Call to Climate Action,Medium,0,Activism & Education,activism
JCAN,Yes,Eat Less Meat and Dairy,High,0,Food,low_carbon_diet
JCAN,Yes,Ecological Landscaping & Tree Planting,Low,$$,Land & Water,plant_natives
JCAN,Yes,Energy-Efficient Appliances ,Medium,$$,Home Energy,energystar_fridge
JCAN,Yes,Go Solar! ,High,$$$,Electricity & Solar,install_solarPV
JCAN,Yes,Green Heating and AC,High,$$$,Home Energy,air_source_hp
JCAN,Yes,Green Your Electricity,High,0,Home Energy,renewable_elec
JCAN,Yes,Heat my water with Solar!,Medium,$$,Home Energy,install_solarHW
JCAN,Yes,Insulate and Air Seal Your Home,Medium,0,Home Energy,weatherization
JCAN,Yes,Learn about JCAN-MA,Medium,0,Activism & Education,learn
JCAN,Yes,Local Farmshare or Farmstand,Medium,0,Food,eat_locally
JCAN,Yes,No-cost Home Energy Assessment,Low,0,Home Energy,energy_audit
JCAN,Yes,People Power Your Errands,High,0,Transportation,people_power
JCAN,Yes,Pledge to Vote,Medium,0,Activism & Education,local_decision
JCAN,Yes,Renovating? Improve Efficiency too! ,High,$$,Home Energy,efficient_renovations
JCAN,Yes,Shop Local: Farmers Market,High,0,Food,eat_locally
Jewish Climate Action Network -- JCAN-MA,Yes,Be Water Wise! Age 4+,Low,0,Land & Water,conserve_water
Jewish Climate Action Network -- JCAN-MA,Yes,Buy Less Stuff,Low,0,Waste & Recycling,avoid_purchase
Jewish Climate Action Network -- JCAN-MA,Yes,Buy Naked Stuff,Low,0,Waste & Recycling,reduce_waste
Jewish Climate Action Network -- JCAN-MA,Yes,Buy or Lease Electric Car,High,$$$,Transportation,replace_car
Jewish Climate Action Network -- JCAN-MA,Yes,Change to LED Lighting,Low,0,Home Energy,led_lighting
Jewish Climate Action Network -- JCAN-MA,Yes,"Community Solar, No Installation ",Medium,$,Electricity & Solar,community_solar
Jewish Climate Action Network -- JCAN-MA,Yes,Compost at Home or With a Service,Low,0,Waste & Recycling,compost
Jewish Climate Action Network -- JCAN-MA,Yes,Dayenu: A Jewish Call to Climate Action,Medium,0,Activism & Education,activism
Jewish Climate Action Network -- JCAN-MA,Yes,Ditch Disposables,Low,0,Waste & Recycling,reduce_waste
Jewish Climate Action Network -- JCAN-MA,Yes,Eat Less Meat and Dairy,High,0,Food,low_carbon_diet
Jewish Climate Action Network -- JCAN-MA,Yes,Ecological Landscaping & Tree Planting,Low,$$,Land & Water,plant_natives
Jewish Climate Action Network -- JCAN-MA,Yes,Energy-Efficient Appliances ,Medium,$$,Home Energy,energystar_fridge
Jewish Climate Action Network -- JCAN-MA,Yes,Get rid of junk mail,Low,0,Waste & Recycling,reduce_waste
Jewish Climate Action Network -- JCAN-MA,Yes,Go Solar! ,High,$$$,Electricity & Solar,install_solarPV
Jewish Climate Action Network -- JCAN-MA,Yes,Green Heating and AC,High,$$$,Home Energy,air_source_hp
Jewish Climate Action Network -- JCAN-MA,No,Green heating and AC,High,$$$,Home Energy,air_source_hp
Jewish Climate Action Network -- JCAN-MA,Yes,Green Your Electricity,High,0,Home Energy,renewable_elec
Jewish Climate Action Network -- JCAN-MA,Yes,Heat my water with Solar!,Medium,$$,Home Energy,install_solarHW
Jewish Climate Action Network -- JCAN-MA,Yes,Help the Grid- Shave the Peak!,Low,0,Home Energy,energy_fair
Jewish Climate Action Network -- JCAN-MA,Yes,Install a Heat Pump Water Heater,Medium,$,Home Energy,hp_water_heater
Jewish Climate Action Network -- JCAN-MA,Yes,Insulate and Air Seal Your Home,Medium,0,Home Energy,weatherization
Jewish Climate Action Network -- JCAN-MA,Yes,Invest Like a Climate Activist ,Low,0,Activism & Education,investing
Jewish Climate Action Network -- JCAN-MA,Yes,Learn about JCAN-MA,Medium,0,Activism & Education,learn
Jewish Climate Action Network -- JCAN-MA,Yes,Local Farmshare or Farmstand,Medium,0,Food,eat_locally
Jewish Climate Action Network -- JCAN-MA,Yes,Monitor Electricity Usage,Low,$,Home Energy,electricity_monitor
Jewish Climate Action Network -- JCAN-MA,Yes,No-cost Home Energy Assessment,Low,0,Home Energy,energy_audit
Jewish Climate Action Network -- JCAN-MA,Yes,Offset Your Air Travel,Low,$,Transportation,offset_flights
Jewish Climate Action Network -- JCAN-MA,Yes,People Power Your Errands,High,0,Transportation,people_power
Jewish Climate Action Network -- JCAN-MA,Yes,Plant a Native Tree,Low,$,Land & Water,plant_trees
Jewish Climate Action Network -- JCAN-MA,Yes,Pledge to Vote,Medium,0,Activism & Education,local_decision
Jewish Climate Action Network -- JCAN-MA,Yes,Renovating? Improve Efficiency too! ,High,$$,Home Energy,efficient_renovations
Jewish Climate Action Network -- JCAN-MA,Yes,Saving Energy Age 6+,Low,$,Home Energy,conserve_electricity
Jewish Climate Action Network -- JCAN-MA,Yes,Shop Local: Farmers Market,High,0,Food,eat_locally
Jewish Climate Action Network -- JCAN-MA,Yes,Smart Thermostats,Medium,$,Home Energy,prog_thermostats
Jewish Climate Action Network -- JCAN-MA,Yes,What's Your Carbon Footprint? Age 14+,Low,0,Activism & Education,carbon_footprint
LexCAN Toolkit,Yes,Buy a Reusable Water Bottle,Low,0,Waste & Recycling,reduce_waste
LexCAN Toolkit,Yes,Buy Fewer Products in Plastic  ,Low,0,Waste & Recycling,reduce_waste
LexCAN Toolkit,No,Buy Naked Stuff,Low,0,Waste & Recycling,reduce_waste
LexCAN Toolkit,Yes,Buy or Lease an Electric Car,High,$$$,Transportation,replace_car
LexCAN Toolkit,No,Buy Secondhand Clothing ,Low,0,Waste & Recycling,reduce_waste
LexCAN Toolkit,Yes,"Cleaner, Quieter Landscaping ",Medium,$$,Land & Water,rake_elec_blower
LexCAN Toolkit,Yes,Compost Kitchen Waste ,Medium,$,Waste & Recycling,compost
LexCAN Toolkit,Yes,Cool Climate Carbon Calculator,Low,0,Activism & Education,carbon_footprint
LexCAN Toolkit,Yes,Ditch Disposables,Low,0,Waste & Recycling,reduce_waste
LexCAN Toolkit,Yes,Do a Lazy Fall Garden Clean Up,Low,0,Land & Water,reduce_lawn_care
LexCAN Toolkit,Yes,"Donate, Borrow and Buy Used",Low,0,Waste & Recycling,reduce_waste
LexCAN Toolkit,Yes,Drive Less; Ride A Bike,Medium,$,Transportation,reduce_car_miles
LexCAN Toolkit,Yes,Drive Less; Take Public Transportation,High,0,Transportation,reduce_car_miles
LexCAN Toolkit,Yes,Drive Less: Walk More,Medium,0,Transportation,reduce_car_miles
LexCAN Toolkit,Yes,Eat Less Meat and Dairy,High,$,Food,low_carbon_diet
LexCAN Toolkit,Yes,Eat Local,Medium,$,Food,low_carbon_diet
LexCAN Toolkit,Yes,Eco-Friendly Backyard,Medium,$,Land & Water,reduce_lawn_care
LexCAN Toolkit,Yes,Environmental Justice,High,0,Activism & Education,energy_fair
LexCAN Toolkit,Yes,Environmentally Friendly Kitchen,Medium,$,Activism & Education,compost
LexCAN Toolkit,Yes,Go Solar,High,$$$,Electricity & Solar,install_solarPV
LexCAN Toolkit,Yes,Heat Your Water with Solar,High,$$,Home Energy,install_solarHW
LexCAN Toolkit,Yes,Help the Grid- Shave the Peak!,Low,0,Home Energy,energy_fair
LexCAN Toolkit,Yes,Install a Heat Pump Water Heater,Medium,$,Home Energy,hp_water_heater
LexCAN Toolkit,Yes,Install Energy Efficient Appliances,High,$$,Home Energy,energystar_fridge
LexCAN Toolkit,Yes,Insulate and Air Seal Your Home,High,$$,Home Energy,weatherization
LexCAN Toolkit,Yes,Invest Like A Climate Activist,High,$$,Activism & Education,investing
LexCAN Toolkit,Yes,Join Citizens for Lexington Conservation,High,0,Activism & Education,energy_fair
LexCAN Toolkit,Yes,Join Lexington Climate Action Network,High,0,Activism & Education,energy_fair
LexCAN Toolkit,Yes,Join Lexington Living Landscapes,High,0,Activism & Education,reduce_lawn_care
LexCAN Toolkit,Yes,Join Lexington Zero Waste Collaborative ,High,0,Activism & Education,reduce_waste
LexCAN Toolkit,Yes,Join LPS Green Teams,Low,0,Activism & Education,energy_fair
LexCAN Toolkit,No,Join Mothers Out Front/Lexington ,Medium,0,Activism & Education,energy_fair
LexCAN Toolkit,Yes,Lexington's 100% Green Electricity,Medium,0,Home Energy,renewable_elec
LexCAN Toolkit,Yes,Offset Your Air Travel,High,$,Transportation,offset_flights
LexCAN Toolkit,Yes,Plant A Tree,Low,$,Land & Water,plant_trees
LexCAN Toolkit,Yes,Recycle Smart ,Low,0,Waste & Recycling,reduce_waste
LexCAN Toolkit,Yes,Renovating? Go for High Efficiency ,High,$$$,Home Energy,efficient_fossil
LexCAN Toolkit,Yes,Repair it,Low,0,Waste & Recycling,reduce_waste
LexCAN Toolkit,Yes,"Save Electricity: Reduce ""Always On"" Use",Low,0,Home Energy,electricity_monitor
LexCAN Toolkit,Yes,Save Electricity: Switch to LED Bulbs,Medium,$,Home Energy,led_lighting
LexCAN Toolkit,Yes,Save Electricity: Thermostat Settings,Low,0,Home Energy,prog_thermostats
LexCAN Toolkit,Yes,Schedule a Free Home Energy Assessment,Low,0,Home Energy,energy_audit
LexCAN Toolkit,No,Subscribe to Lexington Green Network,High,0,Activism & Education,energy_fair
LexCAN Toolkit,No,Support Lexington Youth,High,0,Activism & Education,energy_fair
LexCAN Toolkit,Yes,Switch to Clean Heating & Cooling  ,High,$$,Home Energy,air_source_hp
LexCAN Toolkit,Yes,Switch to Induction Cooking,Low,$$,Home Energy,induction_stove
LexCAN Toolkit,No,Take a Climate Coffee Break!,High,0,Activism & Education,energy_fair
LexCAN Toolkit,No,What Can We Do? Sign Up!,Low,0,Activism & Education,energy_fair
LexCAN Toolkit,Yes,Why We Should Electrify Everything,High,0,Activism & Education,energy_fair
MassEnergize Demo,Yes,An Action you want to show up first yo!,Medium,$,Home Energy,help_community
MassEnergize Demo,Yes,An action you want to show up next,Medium,0,Electricity & Solar,help_community
MassEnergize Demo,Yes,And so on: you rank your actions yo,Medium,0,Transportation,help_community
MassEnergize Demo,No,Calculate your Carbon Footprint! ,Low,0,Activism & Education,carbon_footprint
MassEnergize Demo,Yes,Get Hot & Cool with Mini-Splits,High,$$$,Home Energy,air_source_hp
MassEnergize Demo,No,Go solar!,High,$$$,Electricity & Solar,install_solarPV
MassEnergize Demo,Yes,Green Heating and AC copy,High,$$$,Home Energy,air_source_hp
MassEnergize Demo,Yes,Green Your Electricity,High,0,Home Energy,renewable_elec
MassEnergize Demo,Yes,Heat my water with Solar!,Medium,$$,Home Energy,install_solarHW
MassEnergize Demo,Yes,"Lease, Buy an Electric Car",High,$$$,Transportation,replace_car
MassEnergize Demo,Yes,No-cost Home Energy Assessment,Low,0,Home Energy,energy_audit
MassEnergize Demo,No,Test Action you want to show up first ,High,0,Home Energy,help_community
MassEnergize Demo,Yes,testing this again,Medium,$,Home Energy,help_community
MassEnergizeDemo,No,An Action you want to show up 1st,Medium,$,Home Energy,learn
MassEnergizeDemo,Yes,An action you want to show up next,Medium,0,Electricity & Solar,learn
MassEnergizeDemo,Yes,And so on: you rank your actions,Medium,0,Waste & Recycling,learn
MassEnergizeDemo,No,Calculate your Carbon Footprint! ,Low,0,Activism & Education,carbon_footprint
MassEnergizeDemo,Yes,Get Hot & Cool with Mini-Splits,High,$$$,Home Energy,air_source_hp
MassEnergizeDemo,No,Go solar!,High,$$$,Electricity & Solar,install_solarPV
MassEnergizeDemo,Yes,Green Heating and AC copy,High,$$$,Home Energy,air_source_hp
MassEnergizeDemo,Yes,Green Your Electricity,High,0,Home Energy,renewable_elec
MassEnergizeDemo,Yes,Heat my water with Solar!,Medium,$$,Home Energy,install_solarHW
MassEnergizeDemo,Yes,"Lease, Buy an Electric Car",High,$$$,Transportation,replace_car
MassEnergizeDemo,Yes,No-cost Home Energy Assessment,Low,0,Home Energy,energy_audit
Master Template Community (DO NOT DELETE),Yes,Community Solar-Copy,Medium,0,Electricity & Solar,community_solar
Melrose Climate Action,Yes,Buy or Lease an Electric Vehicle,High,$$$,Transportation,replace_car
Melrose Climate Action,No,Buy or Lease an Electric Vehicle-Copy,High,$$$,Transportation,replace_car
Melrose Climate Action,Yes,Calculate Your Carbon Footprint!,Low,0,Activism & Education,carbon_footprint
Melrose Climate Action,Yes,Compost Food Waste,Low,$,Waste & Recycling,compost
Melrose Climate Action,Yes,Cut Down on Junk Mail,Low,0,Waste & Recycling,reduce_waste
Melrose Climate Action,Yes,Get A No-Cost Home Energy Assessment ,Low,0,Home Energy,energy_audit
Melrose Climate Action,No,Get involved in Town's Climate Action!,High,$$$,Activism & Education,activism
Melrose Climate Action,Yes,Green Heating and Cooling: Heat Pumps,High,$$$,Home Energy,air_source_hp
Melrose Climate Action,Yes,Green Your Electricity,Medium,$,Home Energy,renewable_elec
Melrose Climate Action,Yes,Install Solar On Your Roof,High,$$$,Electricity & Solar,install_solarPV
Melrose Climate Action,Yes,Insulate and air seal your home,Medium,$,Home Energy,weatherization
Melrose Climate Action,Yes,Make Mondays Meatless,Medium,0,Food,low_carbon_diet
Melrose Climate Action,Yes,Prioritize Reuse Over Trash,Low,0,Waste & Recycling,reduce_waste
Nowhere,Yes,Discount backyard compost bins - Concord,Medium,$$,Waste & Recycling,compost
Nowhere,Yes,Food scraps pickup,Medium,$,Waste & Recycling,compost
Nowhere,Yes,Install a Heat Pump Water Heater,High,$$$,Home Energy,hp_water_heater
Nowhere,Yes,Music calms the savage beast,High,$,Food,eat_locally
Nowhere,Yes,Renewable transportation,Medium,$$$,Transportation,reduce_car_miles
Nowhere,Yes,Trim sheep,,,Home Energy,electricity_monitor
Pioneer Valley Schools,No,Air Dry Your Clothes,Low,0,Home Energy,line_dry
Pioneer Valley Schools,Yes,An Environment for All People,High,0,Activism & Education,environmental_stewardship
Pioneer Valley Schools,Yes,Building a Solar Oven,Low,0,Electricity & Solar,solar_oven
Pioneer Valley Schools,Yes,Calculate your Carbon Footprint! ,Low,0,Activism & Education,carbon_footprint
Pioneer Valley Schools,Yes,Drive less / Walk more ,High,0,Transportation,people_power
Pioneer Valley Schools,Yes,Earth-Friendly Meals ,High,0,Food,low_carbon_diet
Pioneer Valley Schools,Yes,Get rid of junk mail,Low,0,Waste & Recycling,reduce_waste
Pioneer Valley Schools,Yes,Less Plastic! ,Low,0,Activism & Education,reduce_waste
Pioneer Valley Schools,Yes,Meat Less! For Students,High,0,Food,low_carbon_diet
Pioneer Valley Schools,No,MeatLess,High,0,Food,low_carbon_diet
Pioneer Valley Schools,Yes,Save Water,Low,0,Land & Water,conserve_water
Pioneer Valley Schools,Yes,Shave the Peak,Medium,0,Home Energy,shave_peak
Pioneer Valley Schools,Yes,Staying Cozy at Home,Medium,$,Home Energy,weatherization
Pioneer Valley Schools,Yes,Sun for Everyone - Community Solar PVS,Medium,0,Electricity & Solar,community_solar
Pioneer Valley Schools,Yes,Unexpected Allies - Students,Medium,0,Activism & Education,sustain_school
Solarize Eastie,No,Clean Up Your Communit-Green Eastie,Low,0,Activism & Education,community_cleanup
Solarize Eastie,No,Community Sola-Green Eastie,Medium,0,Electricity & Solar,community_solar
Solarize Eastie,Yes,Opt-In to Community Choice Electricity ,High,0,Home Energy,muni_aggregation
Solarize Eastie,No,Solarize Eastie!,High,$$,Electricity & Solar,install_solarPV
Solarize Eastie,Yes,Solarize!,High,$$,Electricity & Solar,install_solarPV
Solarize Eastie,Yes,Suggest a New Action for this Site,Low,0,Activism & Education,help_community
Solarize Eastie,Yes,Virtual solar consult for condos,,,Electricity & Solar,solar_assessment
Sustainable Medfield,Yes, Sustainable Household Goods,Low,$,Waste & Recycling,avoid_purchase
Sustainable Medfield,Yes,“3 Months of Less” Challenge,Medium,0,Waste & Recycling,conserve_water
Sustainable Medfield,No,Attend Town Meeting,Low,0,Activism & Education,local_decision
Sustainable Medfield,Yes,Be Idle Free,High,0,Activism & Education,reduce_pollution
Sustainable Medfield,Yes,Be Textile Savvy: Reuse/Donate/Recycle,Medium,0,Waste & Recycling,swap_donate
Sustainable Medfield,Yes,Be Water Wise,Low,0,Land & Water,conserve_water
Sustainable Medfield,Yes,Borrow from the Unusual Items Collection,Low,0,Waste & Recycling,avoid_purchase
Sustainable Medfield,Yes,Buy food from a local farm,Medium,$,Food,eat_locally
Sustainable Medfield,Yes,Buy or Lease an Electric Car,High,$$$,Transportation,replace_car
Sustainable Medfield,Yes,Calculate Your Carbon Footprint,Low,0,Activism & Education,carbon_footprint
Sustainable Medfield,Yes,Change to LED Lighting,Medium,$,Home Energy,led_lighting
Sustainable Medfield,Yes,Clean Water - Clear Choices,Low,0,Land & Water,environmental_stewardship
Sustainable Medfield,Yes,Create a Native Plant Garden,Medium,$,Land & Water,plant_natives
Sustainable Medfield,Yes,Ditch Disposables,Low,0,Waste & Recycling,reduce_waste
Sustainable Medfield,Yes,Don't trash foodscraps,High,0,Waste & Recycling,compost
Sustainable Medfield,Yes,Get Rid of Junk Mail,Low,0,Waste & Recycling,reduce_waste
Sustainable Medfield,Yes,Green Heating & Cooling with Heat Pumps,High,$$$,Home Energy,air_source_hp
Sustainable Medfield,Yes,Help our Planet by Deleting Emails,Low,0,Waste & Recycling,reduce_waste
Sustainable Medfield,Yes,Insulate and Air Seal Your Home,Medium,0,Home Energy,weatherization
Sustainable Medfield,Yes,Join this site and be counted!,Low,0,Activism & Education,help_community
Sustainable Medfield,Yes,Monitor My Electricity Usage,Low,$,Home Energy,electricity_monitor
Sustainable Medfield,Yes,No-cost Home Energy Assessment,Low,0,Home Energy,energy_audit
Sustainable Medfield,Yes,Practice Low-Impact Lawn and Yard Care,High,0,Activism & Education,reduce_lawn_care
Sustainable Medfield,Yes,Read with the Eco-Centric Book Club,Low,0,Activism & Education,learn
Sustainable Medfield,Yes,Recycle Your Christmas Tree,Low,$,Waste & Recycling,reduce_waste
Sustainable Medfield,No,Recycle Your Christmas Tree!,Low,$,Waste & Recycling,recycling
Sustainable Medfield,Yes,Reduce Light Pollution,Medium,0,Activism & Education,light_pollution
Sustainable Medfield,Yes,Reuse/Donate Household Items,Medium,0,Waste & Recycling,swap_donate
Sustainable Medfield,Yes,Rooftop solar,High,$$$,Electricity & Solar,install_solarPV
Sustainable Medfield,Yes,Switch to Induction Cooking,Low,$,Activism & Education,induction_stove
Sustainable Middlesex,Yes,Backyard compost or service,Low,0,Food,compost
Sustainable Middlesex,Yes,Buy or Lease an Electric Car,High,$$$,Transportation,replace_car
Sustainable Middlesex,Yes,Change Thermostat Settings,Medium,$$$,Home Energy,electricity_monitor
Sustainable Middlesex,Yes,Change to LED Lighting,Medium,$,Home Energy,led_lighting
Sustainable Middlesex,Yes,Clean Up Your Community,Low,0,Activism & Education,community_cleanup
Sustainable Middlesex,Yes,Community Solar ,Medium,0,Electricity & Solar,community_solar
Sustainable Middlesex,Yes,Donate Building Materials,Low,0,Waste & Recycling,swap_donate
Sustainable Middlesex,Yes,Ecological Landscaping Tree Planting,Low,$$,Land & Water,plant_trees
Sustainable Middlesex,Yes,Energy-Efficient Appliances,High,$$,Home Energy,energystar_fridge
Sustainable Middlesex,Yes,Get Hot & Cool with Mini-Splits,High,$$$,Home Energy,air_source_hp
Sustainable Middlesex,Yes,Get involved in Town's Climate Action,Medium,0,Activism & Education,energy_fair
Sustainable Middlesex,Yes,Green Your Electricity,High,0,Home Energy,renewable_elec
Sustainable Middlesex,Yes,Heat my water with Solar,Medium,$$$,Home Energy,install_solarHW
Sustainable Middlesex,Yes,Heating & Cooling with Heat Pumps,High,$$,Home Energy,air_source_hp
Sustainable Middlesex,Yes,Market my Green Home,Low,0,Home Energy,market_green_home
Sustainable Middlesex,No,Monitor My Electricity Usage,Low,$$,Home Energy,electricity_monitor
Sustainable Middlesex,Yes,No-cost Home Energy Assessment,Low,0,Home Energy,energy_audit
Sustainable Middlesex,Yes,Offset your air travel,Medium,$,Transportation,offset_flights
Sustainable Middlesex,Yes,Pass on used goods,Medium,0,Waste & Recycling,reduce_waste
Sustainable Middlesex,Yes,Renovating? Improve Efficiency too!,High,$$,Home Energy,efficient_renovations
Sustainable Milton,Yes,Buy or Lease an Electric Car,High,$$$,Transportation,replace_car
Sustainable Milton,Yes,Calculate your Carbon Footprint,Low,0,Activism & Education,carbon_footprint
Sustainable Milton,Yes,Change to LED Lighting,Medium,$,Home Energy,led_lighting
Sustainable Milton,Yes,Community Solar,Medium,$,Electricity & Solar,community_solar
Sustainable Milton,Yes,Compost at Home or with a Service,Low,0,Waste & Recycling,compost
Sustainable Milton,Yes,Eat a More Plant-Based Diet,High,$,Food,low_carbon_diet
Sustainable Milton,Yes,Green Heating and AC,High,$$$,Home Energy,air_source_hp
Sustainable Milton,Yes,Green Your Electricity,High,$,Home Energy,renewable_elec
Sustainable Milton,Yes,Insulate to the Max!,High,$,Home Energy,weatherization
Sustainable Milton,Yes,No-cost Home Energy Assessment,Low,0,Home Energy,energy_audit
Sustainable Milton,Yes,Rooftop Solar,High,$$$,Electricity & Solar,install_solarPV
Sustainable Milton,Yes,Volunteer with Sustainable Milton,Low,0,Activism & Education,help_community
Sustainable Sherborn,Yes,Buying Less Stuff,High,0,Waste & Recycling,avoid_purchase
Sustainable Sherborn,Yes,Buying Local Food,Medium,$,Food,eat_locally
Sustainable Sherborn,Yes,Calculating Your Carbon Footprint,Low,0,Activism & Education,carbon_footprint
Sustainable Sherborn,Yes,Canceling Your Catalogs,Low,0,Waste & Recycling,reduce_waste
Sustainable Sherborn,Yes,Changing your Thermostat Settings ,Medium,$$$,Home Energy,prog_thermostats
Sustainable Sherborn,Yes,Community Solar,Medium,0,Electricity & Solar,community_solar
Sustainable Sherborn,Yes,Composting Food Scraps,Low,0,Waste & Recycling,compost
Sustainable Sherborn,Yes,Consulting with a Sherborn Energy Coach,Low,0,Home Energy,coaching
Sustainable Sherborn,Yes,Controlling Invasive Plant Species,Low,$$,Land & Water,plant_natives
Sustainable Sherborn,Yes,Donating Building Materials,Low,0,Waste & Recycling,swap_donate
Sustainable Sherborn,Yes,Eating Less Meat and Dairy,High,0,Food,low_carbon_diet
Sustainable Sherborn,Yes,Electrifying your Ride,High,$$$,Transportation,replace_car
Sustainable Sherborn,Yes,Energy-Efficient Heating and Cooling,High,$$,Home Energy,air_source_hp
Sustainable Sherborn,Yes,Insulating and Air Sealing Your Home,High,$$,Home Energy,weatherization
Sustainable Sherborn,Yes,Joining Sherborn PicksUp April 2021!,Low,0,Activism & Education,get_involved
Sustainable Sherborn,Yes,Joining Your Local Citizen Group,Medium,0,Activism & Education,get_involved
Sustainable Sherborn,Yes,Monitor Electricity Usage ,Low,$$,Home Energy,electricity_monitor
Sustainable Sherborn,Yes,No-cost Home Energy Assessment,Low,0,Home Energy,energy_audit
Sustainable Sherborn,Yes,Practicing Sustainable Landscaping ,Low,$$,Land & Water,reduce_lawn_size
Sustainable Sherborn,Yes,Referring a Friend,Low,0,Activism & Education,help_community
Sustainable Sherborn,Yes,Savings for Renters,Low,0,Home Energy,savings_for_renters
Sustainable Sherborn,Yes,Sherborn Power Choice (coming soon!),High,0,Home Energy,muni_aggregation
Sustainable Sherborn,Yes,Solar Panels,High,$$$,Electricity & Solar,install_solarPV
Sustainable Sherborn,Yes,Suggesting a New Action,Low,0,Activism & Education,help_community
Sustainable Sherborn,Yes,Upgrading to Energy-Efficient Appliances,High,$$,Home Energy,energystar_fridge
Sustainable Sherborn,Yes,Using Your Car less Challenge,High,0,Transportation,reduce_car_miles
TestingCommunity,Yes,testing IRA google doc copy formatting,Low,0,Electricity & Solar,community_solar
Training,Yes,awesome solar  ,High,$$$,Electricity & Solar,install_solarPV
Training,Yes,Buy/lease an electric car/hybrid,,,,replace_car
Training,No,Calculate Carbon Footprint Copy,Low,0,Activism & Education,carbon_footprint
Training,Yes,Discounted Rain Barrels,,,Land & Water,rain_barrel
Training,Yes,Donate building materials,Low,0,Waste & Recycling,swap_donate
Training,Yes,Ecological Landscaping,Low,$$,Land & Water,plant_natives
Training,No,Ecological Landscaping Copy,Low,$$,Land & Water,plant_natives
Training,Yes,Electrify your landscaping equipment,,,,electric_mower
Training,Yes,Free Home Energy Audit,Low,0,Home Energy,energy_audit
Training,Yes,Green heating and AC,High,$$$,Home Energy,air_source_hp
Training,Yes,Grow your own food,Medium,$,Food,grow_local
Training,Yes,Install rooftop solar,,,,install_solarPV
Training,Yes,Insulate & Weatherize to the Max,,,Home Energy,weatherization
Training,Yes,Join Metrowest 350MA Node,,,,get_involved
Training,No,Local food with Farmshare or Farmstand,Medium,0,Food,eat_locally
Training,Yes,RECYCLE Right,Low,0,Waste & Recycling,recycling
Training,Yes,Sign up for community solar,Medium,,Electricity & Solar,community_solar
Wayland,Yes,Community Gardening,Medium,$$,Food,grow_local
Wayland,Yes,compost sam and kaat,Low,$,Waste & Recycling,compost
Wayland,Yes,Discount backyard compost bins,Medium,$$,Waste & Recycling,compost
Wayland,Yes,Farmers market,Medium,$,Food,eat_locally
Wayland,Yes,Food scraps picked up at the curb,Medium,$,Waste & Recycling,compost
Wayland,Yes,Frimpong's New Action,Medium,$,Home Energy,induction_stove
Wayland,Yes,Green Heating and AC,High,$$$,Home Energy,air_source_hp
Wayland,Yes,Green your electricity,Medium,$,Home Energy,renewable_elec
Wayland,Yes,Here we go again,Medium,$$,Solar PV,install_solarPV
Wayland,Yes,Join 350MA Metrowest Node,Medium,0,Activism & Community,get_involved
Wayland,Yes,Make electricity with solar panels,High,$$$,Solar PV,install_solarPV
Wayland,Yes,Monitor your Electricity Use,Low,$$,Home Energy,electricity_monitor
Wayland,Yes,Recycle Textiles,Medium,$,Waste & Recycling,recycling
Wayland,No,Solar Photovoltaics on your Roof,High,$$$,Solar PV,install_solarPV
Wayland,Yes,Test,Medium,$,Home Energy,energy_audit
Wayland,Yes,testing kaat 7/10,Low,0,Transportation,reduce_car_miles
